<?xml version="1.0"?>
<opencv_storage>
<cascade>
  <stageType>BOOST</stageType>
  <featureType>HAAR</featureType>
  <height>24</height>
  <width>24</width>
  <stageParams>
    <boostType>GAB</boostType>
    <minHitRate>9.9500000476837158e-01</minHitRate>
    <maxFalseAlarm>5.0000000000000000e-01</maxFalseAlarm>
    <weightTrimRate>9.4999999999999996e-01</weightTrimRate>
    <maxDepth>1</maxDepth>
    <maxWeakCount>100</maxWeakCount></stageParams>
  <featureParams>
    <maxCatCount>0</maxCatCount>
    <featSize>1</featSize>
    <mode>BASIC</mode></featureParams>
  <stageNum>14</stageNum>
  <stages>
    <!-- stage 0 -->
    <_>
      <maxWeakCount>5</maxWeakCount>
      <stageThreshold>-6.9780540466308594e-01</stageThreshold>
      <weakClassifiers>
        <_>
          <internalNodes>
            0 -1 70 1.5681903809309006e-02</internalNodes>
          <leafValues>
            -4.9742001295089722e-01 5.4984891414642334e-01</leafValues></_>
        <_>
          <internalNodes>
            0 -1 138 3.0058360425755382e-04</internalNodes>
          <leafValues>
            2.2304134070873260e-01 -9.7279220819473267e-01</leafValues></_>
        <_>
          <internalNodes>
            0 -1 138 -2.4019846750888973e-04</internalNodes>
          <leafValues>
            -9.4370734691619873e-01 2.8880092501640320e-01</leafValues></_>
        <_>
          <internalNodes>
            0 -1 191 -6.8220333196222782e-04</internalNodes>
          <leafValues>
            2.7821591496467590e-01 -6.2740218639373779e-01</leafValues></_>
        <_>
          <internalNodes>
            0 -1 111 -1.4162473962642252e-04</internalNodes>
          <leafValues>
            -9.1406953334808350e-01 2.4206469953060150e-01</leafValues></_></weakClassifiers></_>
    <!-- stage 1 -->
    <_>
      <maxWeakCount>6</maxWeakCount>
      <stageThreshold>-1.4759982824325562e+00</stageThreshold>
      <weakClassifiers>
        <_>
          <internalNodes>
            0 -1 111 1.5022425213828683e-04</internalNodes>
          <leafValues>
            1.7350746691226959e-01 -8.8608872890472412e-01</leafValues></_>
        <_>
          <internalNodes>
            0 -1 55 1.7203625291585922e-02</internalNodes>
          <leafValues>
            -3.6898976564407349e-01 5.7910418510437012e-01</leafValues></_>
        <_>
          <internalNodes>
            0 -1 144 -2.0834112365264446e-04</internalNodes>
          <leafValues>
            -9.0373998880386353e-01 2.2227540612220764e-01</leafValues></_>
        <_>
          <internalNodes>
            0 -1 144 2.1842698333784938e-04</internalNodes>
          <leafValues>
            2.9517158865928650e-01 -8.8983565568923950e-01</leafValues></_>
        <_>
          <internalNodes>
            0 -1 72 -3.5733036696910858e-02</internalNodes>
          <leafValues>
            6.5154665708541870e-01 -3.1206294894218445e-01</leafValues></_>
        <_>
          <internalNodes>
            0 -1 8 1.8945043906569481e-02</internalNodes>
          <leafValues>
            -3.5988461971282959e-01 5.5014914274215698e-01</leafValues></_></weakClassifiers></_>
    <!-- stage 2 -->
    <_>
      <maxWeakCount>8</maxWeakCount>
      <stageThreshold>-1.0573130846023560e+00</stageThreshold>
      <weakClassifiers>
        <_>
          <internalNodes>
            0 -1 71 7.1783484891057014e-03</internalNodes>
          <leafValues>
            -4.3510714173316956e-01 5.7975167036056519e-01</leafValues></_>
        <_>
          <internalNodes>
            0 -1 107 -2.2042001364752650e-04</internalNodes>
          <leafValues>
            -8.5191094875335693e-01 2.2261139750480652e-01</leafValues></_>
        <_>
          <internalNodes>
            0 -1 44 2.5175610557198524e-02</internalNodes>
          <leafValues>
            -2.6635104417800903e-01 7.1160173416137695e-01</leafValues></_>
        <_>
          <internalNodes>
            0 -1 96 1.2514196569100022e-03</internalNodes>
          <leafValues>
            1.8323557078838348e-01 -8.6577343940734863e-01</leafValues></_>
        <_>
          <internalNodes>
            0 -1 28 -7.6995551586151123e-02</internalNodes>
          <leafValues>
            5.4432022571563721e-01 -2.7121552824974060e-01</leafValues></_>
        <_>
          <internalNodes>
            0 -1 72 -3.2978922128677368e-02</internalNodes>
          <leafValues>
            7.1478062868118286e-01 -2.5175005197525024e-01</leafValues></_>
        <_>
          <internalNodes>
            0 -1 145 -1.8683308735489845e-03</internalNodes>
          <leafValues>
            3.5382619500160217e-01 -3.9956247806549072e-01</leafValues></_>
        <_>
          <internalNodes>
            0 -1 36 -1.3159986119717360e-03</internalNodes>
          <leafValues>
            4.0846896171569824e-01 -3.5908919572830200e-01</leafValues></_></weakClassifiers></_>
    <!-- stage 3 -->
    <_>
      <maxWeakCount>11</maxWeakCount>
      <stageThreshold>-1.2720986604690552e+00</stageThreshold>
      <weakClassifiers>
        <_>
          <internalNodes>
            0 -1 97 -1.0041045607067645e-04</internalNodes>
          <leafValues>
            -8.0371749401092529e-01 -3.0869001522660255e-02</leafValues></_>
        <_>
          <internalNodes>
            0 -1 160 6.1025039758533239e-04</internalNodes>
          <leafValues>
            -3.5209131240844727e-01 3.6979484558105469e-01</leafValues></_>
        <_>
          <internalNodes>
            0 -1 151 1.4612868835683912e-04</internalNodes>
          <leafValues>
            1.5517881512641907e-01 -8.3496552705764771e-01</leafValues></_>
        <_>
          <internalNodes>
            0 -1 115 -1.2583498028106987e-04</internalNodes>
          <leafValues>
            -6.2505692243576050e-01 2.6231855154037476e-01</leafValues></_>
        <_>
          <internalNodes>
            0 -1 121 3.0686906538903713e-03</internalNodes>
          <leafValues>
            -2.8654357790946960e-01 5.4206907749176025e-01</leafValues></_>
        <_>
          <internalNodes>
            0 -1 198 -9.9017587490379810e-04</internalNodes>
          <leafValues>
            2.3053459823131561e-01 -5.2450799942016602e-01</leafValues></_>
        <_>
          <internalNodes>
            0 -1 97 1.1136697139590979e-04</internalNodes>
          <leafValues>
            1.7787413299083710e-01 -7.6697486639022827e-01</leafValues></_>
        <_>
          <internalNodes>
            0 -1 120 -1.0066051036119461e-03</internalNodes>
          <leafValues>
            4.9058482050895691e-01 -2.3569834232330322e-01</leafValues></_>
        <_>
          <internalNodes>
            0 -1 131 -2.7413188945502043e-04</internalNodes>
          <leafValues>
            -7.9329150915145874e-01 1.6188633441925049e-01</leafValues></_>
        <_>
          <internalNodes>
            0 -1 131 2.3836331092752516e-04</internalNodes>
          <leafValues>
            1.4711423218250275e-01 -6.2447023391723633e-01</leafValues></_>
        <_>
          <internalNodes>
            0 -1 75 5.2599897608160973e-03</internalNodes>
          <leafValues>
            -2.4339459836483002e-01 5.4085808992385864e-01</leafValues></_></weakClassifiers></_>
    <!-- stage 4 -->
    <_>
      <maxWeakCount>9</maxWeakCount>
      <stageThreshold>-1.1894645690917969e+00</stageThreshold>
      <weakClassifiers>
        <_>
          <internalNodes>
            0 -1 1 2.0293077453970909e-02</internalNodes>
          <leafValues>
            -5.0784426927566528e-01 3.1171786785125732e-01</leafValues></_>
        <_>
          <internalNodes>
            0 -1 63 -1.4695322606712580e-03</internalNodes>
          <leafValues>
            4.1133773326873779e-01 -3.7479689717292786e-01</leafValues></_>
        <_>
          <internalNodes>
            0 -1 106 -6.4172752900049090e-04</internalNodes>
          <leafValues>
            4.2904162406921387e-01 -3.2617983222007751e-01</leafValues></_>
        <_>
          <internalNodes>
            0 -1 77 -2.2451002150774002e-03</internalNodes>
          <leafValues>
            -9.0199464559555054e-01 1.5430513024330139e-01</leafValues></_>
        <_>
          <internalNodes>
            0 -1 173 3.9125460898503661e-04</internalNodes>
          <leafValues>
            -3.1028419733047485e-01 5.3623396158218384e-01</leafValues></_>
        <_>
          <internalNodes>
            0 -1 94 2.5793403619900346e-04</internalNodes>
          <leafValues>
            1.4750532805919647e-01 -8.3829575777053833e-01</leafValues></_>
        <_>
          <internalNodes>
            0 -1 137 -2.4964680778793991e-04</internalNodes>
          <leafValues>
            3.8221243023872375e-01 -3.1873917579650879e-01</leafValues></_>
        <_>
          <internalNodes>
            0 -1 18 -1.4904618728905916e-03</internalNodes>
          <leafValues>
            5.6729972362518311e-01 -2.3433163762092590e-01</leafValues></_>
        <_>
          <internalNodes>
            0 -1 9 -9.1134123504161835e-03</internalNodes>
          <leafValues>
            5.9508836269378662e-01 -2.0523369312286377e-01</leafValues></_></weakClassifiers></_>
    <!-- stage 5 -->
    <_>
      <maxWeakCount>14</maxWeakCount>
      <stageThreshold>-1.1828752756118774e+00</stageThreshold>
      <weakClassifiers>
        <_>
          <internalNodes>
            0 -1 197 5.4539483971893787e-03</internalNodes>
          <leafValues>
            -4.4156560301780701e-01 2.5572520494461060e-01</leafValues></_>
        <_>
          <internalNodes>
            0 -1 132 -1.5001589781604707e-04</internalNodes>
          <leafValues>
            -8.4891343116760254e-01 1.1436384171247482e-01</leafValues></_>
        <_>
          <internalNodes>
            0 -1 58 5.3137643262743950e-03</internalNodes>
          <leafValues>
            -2.4597495794296265e-01 4.4185590744018555e-01</leafValues></_>
        <_>
          <internalNodes>
            0 -1 53 -3.3824071288108826e-02</internalNodes>
          <leafValues>
            5.0406956672668457e-01 -2.0496721565723419e-01</leafValues></_>
        <_>
          <internalNodes>
            0 -1 24 -1.8377904780209064e-04</internalNodes>
          <leafValues>
            3.5321494936943054e-01 -3.5233357548713684e-01</leafValues></_>
        <_>
          <internalNodes>
            0 -1 84 -7.7386363409459591e-04</internalNodes>
          <leafValues>
            -9.2392247915267944e-01 1.1978270858526230e-01</leafValues></_>
        <_>
          <internalNodes>
            0 -1 30 -5.8563509956002235e-03</internalNodes>
          <leafValues>
            5.7316106557846069e-01 -1.5394251048564911e-01</leafValues></_>
        <_>
          <internalNodes>
            0 -1 73 -5.5773016065359116e-02</internalNodes>
          <leafValues>
            5.8026820421218872e-01 -1.6287827491760254e-01</leafValues></_>
        <_>
          <internalNodes>
            0 -1 142 -1.0175745410379022e-04</internalNodes>
          <leafValues>
            -7.7433222532272339e-01 1.1893568933010101e-01</leafValues></_>
        <_>
          <internalNodes>
            0 -1 67 -9.0643037110567093e-03</internalNodes>
          <leafValues>
            4.8767206072807312e-01 -2.0764540135860443e-01</leafValues></_>
        <_>
          <internalNodes>
            0 -1 142 1.6173219773918390e-04</internalNodes>
          <leafValues>
            1.3637118041515350e-01 -8.4721368551254272e-01</leafValues></_>
        <_>
          <internalNodes>
            0 -1 89 -4.3186155380681157e-04</internalNodes>
          <leafValues>
            3.2033640146255493e-01 -2.9433047771453857e-01</leafValues></_>
        <_>
          <internalNodes>
            0 -1 149 -5.3079682402312756e-04</internalNodes>
          <leafValues>
            2.7129796147346497e-01 -4.4590842723846436e-01</leafValues></_>
        <_>
          <internalNodes>
            0 -1 7 -2.9330086708068848e-01</internalNodes>
          <leafValues>
            -7.9531139135360718e-01 1.4938689768314362e-01</leafValues></_></weakClassifiers></_>
    <!-- stage 6 -->
    <_>
      <maxWeakCount>15</maxWeakCount>
      <stageThreshold>-1.3065145015716553e+00</stageThreshold>
      <weakClassifiers>
        <_>
          <internalNodes>
            0 -1 179 1.9356663688085973e-04</internalNodes>
          <leafValues>
            -4.5276293158531189e-01 1.7666302621364594e-01</leafValues></_>
        <_>
          <internalNodes>
            0 -1 141 -5.5936619173735380e-04</internalNodes>
          <leafValues>
            -9.2945587635040283e-01 9.5035582780838013e-02</leafValues></_>
        <_>
          <internalNodes>
            0 -1 210 -4.4098142534494400e-03</internalNodes>
          <leafValues>
            4.8617273569107056e-01 -2.0755393803119659e-01</leafValues></_>
        <_>
          <internalNodes>
            0 -1 155 1.3483104703482240e-04</internalNodes>
          <leafValues>
            1.3853459060192108e-01 -6.2040948867797852e-01</leafValues></_>
        <_>
          <internalNodes>
            0 -1 155 -7.2556591476313770e-05</internalNodes>
          <leafValues>
            -4.9624291062355042e-01 1.7785309255123138e-01</leafValues></_>
        <_>
          <internalNodes>
            0 -1 158 1.2944717891514301e-03</internalNodes>
          <leafValues>
            -4.1267976164817810e-01 2.3408748209476471e-01</leafValues></_>
        <_>
          <internalNodes>
            0 -1 104 -4.7565117711201310e-04</internalNodes>
          <leafValues>
            -8.7567579746246338e-01 1.4318963885307312e-01</leafValues></_>
        <_>
          <internalNodes>
            0 -1 99 -1.9352005620021373e-04</internalNodes>
          <leafValues>
            3.3379057049751282e-01 -2.9203367233276367e-01</leafValues></_>
        <_>
          <internalNodes>
            0 -1 177 -3.1763231381773949e-03</internalNodes>
          <leafValues>
            2.4088200926780701e-01 -4.8405173420906067e-01</leafValues></_>
        <_>
          <internalNodes>
            0 -1 85 4.5676073059439659e-03</internalNodes>
          <leafValues>
            6.7243106663227081e-02 -7.9358857870101929e-01</leafValues></_>
        <_>
          <internalNodes>
            0 -1 54 4.8450555652379990e-02</internalNodes>
          <leafValues>
            -1.4473757147789001e-01 6.2552386522293091e-01</leafValues></_>
        <_>
          <internalNodes>
            0 -1 21 2.6817175745964050e-01</internalNodes>
          <leafValues>
            -1.3462568819522858e-01 6.0168868303298950e-01</leafValues></_>
        <_>
          <internalNodes>
            0 -1 112 -9.8084463388659060e-05</internalNodes>
          <leafValues>
            -4.9387434124946594e-01 1.4373755455017090e-01</leafValues></_>
        <_>
          <internalNodes>
            0 -1 174 -1.3333094830159098e-04</internalNodes>
          <leafValues>
            3.4448072314262390e-01 -2.3488250374794006e-01</leafValues></_>
        <_>
          <internalNodes>
            0 -1 176 -2.1245109383016825e-04</internalNodes>
          <leafValues>
            -7.3169851303100586e-01 1.0595947504043579e-01</leafValues></_></weakClassifiers></_>
    <!-- stage 7 -->
    <_>
      <maxWeakCount>17</maxWeakCount>
      <stageThreshold>-1.2422819137573242e+00</stageThreshold>
      <weakClassifiers>
        <_>
          <internalNodes>
            0 -1 181 3.6614033160731196e-04</internalNodes>
          <leafValues>
            -4.7003155946731567e-01 2.5627553462982178e-01</leafValues></_>
        <_>
          <internalNodes>
            0 -1 171 -1.7853482859209180e-04</internalNodes>
          <leafValues>
            -6.9288074970245361e-01 1.0467065870761871e-01</leafValues></_>
        <_>
          <internalNodes>
            0 -1 43 3.2056339085102081e-02</internalNodes>
          <leafValues>
            -2.0716428756713867e-01 4.3565475940704346e-01</leafValues></_>
        <_>
          <internalNodes>
            0 -1 147 1.3506101095117629e-04</internalNodes>
          <leafValues>
            9.4620116055011749e-02 -8.0074399709701538e-01</leafValues></_>
        <_>
          <internalNodes>
            0 -1 164 -5.5668223649263382e-04</internalNodes>
          <leafValues>
            3.8799136877059937e-01 -2.1400117874145508e-01</leafValues></_>
        <_>
          <internalNodes>
            0 -1 81 -1.6777233686298132e-03</internalNodes>
          <leafValues>
            3.0877473950386047e-01 -2.8826341032981873e-01</leafValues></_>
        <_>
          <internalNodes>
            0 -1 16 -5.0504348473623395e-04</internalNodes>
          <leafValues>
            4.6035587787628174e-01 -1.7456950247287750e-01</leafValues></_>
        <_>
          <internalNodes>
            0 -1 90 -1.7097375821322203e-03</internalNodes>
          <leafValues>
            3.4588703513145447e-01 -2.4256263673305511e-01</leafValues></_>
        <_>
          <internalNodes>
            0 -1 51 -5.7903974084183574e-04</internalNodes>
          <leafValues>
            4.1062951087951660e-01 -3.3790683746337891e-01</leafValues></_>
        <_>
          <internalNodes>
            0 -1 3 3.2047760486602783e-01</internalNodes>
          <leafValues>
            -2.1637867391109467e-01 4.5151332020759583e-01</leafValues></_>
        <_>
          <internalNodes>
            0 -1 23 1.4814093708992004e-01</internalNodes>
          <leafValues>
            8.9375749230384827e-02 -8.5140079259872437e-01</leafValues></_>
        <_>
          <internalNodes>
            0 -1 167 -2.1913152886554599e-04</internalNodes>
          <leafValues>
            -8.5852539539337158e-01 6.4336501061916351e-02</leafValues></_>
        <_>
          <internalNodes>
            0 -1 60 9.9975243210792542e-03</internalNodes>
          <leafValues>
            -1.6986450552940369e-01 4.8541152477264404e-01</leafValues></_>
        <_>
          <internalNodes>
            0 -1 78 -2.8922749334014952e-04</internalNodes>
          <leafValues>
            -6.0797333717346191e-01 1.4592771232128143e-01</leafValues></_>
        <_>
          <internalNodes>
            0 -1 74 -5.1647936925292015e-03</internalNodes>
          <leafValues>
            5.5907022953033447e-01 -1.3278065621852875e-01</leafValues></_>
        <_>
          <internalNodes>
            0 -1 152 2.7484726160764694e-04</internalNodes>
          <leafValues>
            1.0165453702211380e-01 -6.7407095432281494e-01</leafValues></_>
        <_>
          <internalNodes>
            0 -1 33 -8.5051059722900391e-03</internalNodes>
          <leafValues>
            1.8247975409030914e-01 -3.4735965728759766e-01</leafValues></_></weakClassifiers></_>
    <!-- stage 8 -->
    <_>
      <maxWeakCount>18</maxWeakCount>
      <stageThreshold>-1.3718825578689575e+00</stageThreshold>
      <weakClassifiers>
        <_>
          <internalNodes>
            0 -1 129 -2.8772198129445314e-04</internalNodes>
          <leafValues>
            1.7288491129875183e-01 -4.6375492215156555e-01</leafValues></_>
        <_>
          <internalNodes>
            0 -1 178 -1.7983067082241178e-03</internalNodes>
          <leafValues>
            1.7815604805946350e-01 -4.3112054467201233e-01</leafValues></_>
        <_>
          <internalNodes>
            0 -1 39 1.0447832755744457e-04</internalNodes>
          <leafValues>
            1.5083555877208710e-01 -4.6370190382003784e-01</leafValues></_>
        <_>
          <internalNodes>
            0 -1 83 4.2216273141093552e-04</internalNodes>
          <leafValues>
            -2.3923650383949280e-01 3.1909334659576416e-01</leafValues></_>
        <_>
          <internalNodes>
            0 -1 176 1.9264247384853661e-04</internalNodes>
          <leafValues>
            1.2945345044136047e-01 -5.8275735378265381e-01</leafValues></_>
        <_>
          <internalNodes>
            0 -1 83 -4.1661091381683946e-04</internalNodes>
          <leafValues>
            4.9011221528053284e-01 -1.5822747349739075e-01</leafValues></_>
        <_>
          <internalNodes>
            0 -1 209 2.0426339469850063e-03</internalNodes>
          <leafValues>
            -1.4593715965747833e-01 4.6993061900138855e-01</leafValues></_>
        <_>
          <internalNodes>
            0 -1 207 -1.3796864077448845e-03</internalNodes>
          <leafValues>
            4.4152259826660156e-01 -2.3348626494407654e-01</leafValues></_>
        <_>
          <internalNodes>
            0 -1 150 -4.7907204134389758e-04</internalNodes>
          <leafValues>
            -8.0640846490859985e-01 1.0959888994693756e-01</leafValues></_>
        <_>
          <internalNodes>
            0 -1 37 -3.2187695614993572e-03</internalNodes>
          <leafValues>
            3.1232550740242004e-01 -2.4014447629451752e-01</leafValues></_>
        <_>
          <internalNodes>
            0 -1 125 -2.2040470503270626e-03</internalNodes>
          <leafValues>
            3.1287503242492676e-01 -3.3866658806800842e-01</leafValues></_>
        <_>
          <internalNodes>
            0 -1 135 3.3965398324653506e-04</internalNodes>
          <leafValues>
            -1.7752556502819061e-01 3.8750991225242615e-01</leafValues></_>
        <_>
          <internalNodes>
            0 -1 6 -3.9067450910806656e-02</internalNodes>
          <leafValues>
            5.1565611362457275e-01 -1.7919069528579712e-01</leafValues></_>
        <_>
          <internalNodes>
            0 -1 136 1.9195531494915485e-03</internalNodes>
          <leafValues>
            1.2444471567869186e-01 -9.0631848573684692e-01</leafValues></_>
        <_>
          <internalNodes>
            0 -1 157 3.9895866066217422e-03</internalNodes>
          <leafValues>
            -3.1602218747138977e-01 1.9714990258216858e-01</leafValues></_>
        <_>
          <internalNodes>
            0 -1 98 -3.3391531906090677e-04</internalNodes>
          <leafValues>
            -6.5641069412231445e-01 1.0943318903446198e-01</leafValues></_>
        <_>
          <internalNodes>
            0 -1 156 1.6324655152857304e-03</internalNodes>
          <leafValues>
            -1.5629804134368896e-01 4.4434243440628052e-01</leafValues></_>
        <_>
          <internalNodes>
            0 -1 118 -8.3559658378362656e-04</internalNodes>
          <leafValues>
            3.8439729809761047e-01 -2.0032334327697754e-01</leafValues></_></weakClassifiers></_>
    <!-- stage 9 -->
    <_>
      <maxWeakCount>20</maxWeakCount>
      <stageThreshold>-1.1657361984252930e+00</stageThreshold>
      <weakClassifiers>
        <_>
          <internalNodes>
            0 -1 190 5.6191638577729464e-04</internalNodes>
          <leafValues>
            -4.0042826533317566e-01 2.0218579471111298e-01</leafValues></_>
        <_>
          <internalNodes>
            0 -1 4 1.6499774064868689e-03</internalNodes>
          <leafValues>
            -2.8110355138778687e-01 2.5417000055313110e-01</leafValues></_>
        <_>
          <internalNodes>
            0 -1 134 -1.0839791502803564e-04</internalNodes>
          <leafValues>
            -7.7003306150436401e-01 9.6407070755958557e-02</leafValues></_>
        <_>
          <internalNodes>
            0 -1 133 -5.6394829880446196e-04</internalNodes>
          <leafValues>
            -8.5523927211761475e-01 8.9638166129589081e-02</leafValues></_>
        <_>
          <internalNodes>
            0 -1 56 4.3495097197592258e-03</internalNodes>
          <leafValues>
            -1.8788872659206390e-01 3.4100583195686340e-01</leafValues></_>
        <_>
          <internalNodes>
            0 -1 31 7.1968771517276764e-03</internalNodes>
          <leafValues>
            -1.4562156796455383e-01 4.1470077633857727e-01</leafValues></_>
        <_>
          <internalNodes>
            0 -1 76 -2.2392291575670242e-03</internalNodes>
          <leafValues>
            -6.7174774408340454e-01 9.3695618212223053e-02</leafValues></_>
        <_>
          <internalNodes>
            0 -1 185 1.4580850256606936e-04</internalNodes>
          <leafValues>
            7.6449587941169739e-02 -7.0066255331039429e-01</leafValues></_>
        <_>
          <internalNodes>
            0 -1 62 -1.0042311623692513e-03</internalNodes>
          <leafValues>
            2.7398163080215454e-01 -2.2990722954273224e-01</leafValues></_>
        <_>
          <internalNodes>
            0 -1 108 -1.9843110349029303e-03</internalNodes>
          <leafValues>
            2.8749710321426392e-01 -3.5222676396369934e-01</leafValues></_>
        <_>
          <internalNodes>
            0 -1 175 5.6514830794185400e-04</internalNodes>
          <leafValues>
            -1.8040345609188080e-01 3.6129128932952881e-01</leafValues></_>
        <_>
          <internalNodes>
            0 -1 193 -1.6274049878120422e-02</internalNodes>
          <leafValues>
            3.8376921415328979e-01 -2.1917748451232910e-01</leafValues></_>
        <_>
          <internalNodes>
            0 -1 148 -1.6939653141889721e-04</internalNodes>
          <leafValues>
            -6.1271905899047852e-01 9.0995609760284424e-02</leafValues></_>
        <_>
          <internalNodes>
            0 -1 122 -2.9401581734418869e-02</internalNodes>
          <leafValues>
            6.4170384407043457e-01 -1.1343363672494888e-01</leafValues></_>
        <_>
          <internalNodes>
            0 -1 123 9.9932448938488960e-03</internalNodes>
          <leafValues>
            -2.0105724036693573e-01 3.8815358281135559e-01</leafValues></_>
        <_>
          <internalNodes>
            0 -1 45 -1.5958608128130436e-04</internalNodes>
          <leafValues>
            2.8693303465843201e-01 -2.0243990421295166e-01</leafValues></_>
        <_>
          <internalNodes>
            0 -1 5 5.0785755738615990e-03</internalNodes>
          <leafValues>
            -2.6416841149330139e-01 2.5543937087059021e-01</leafValues></_>
        <_>
          <internalNodes>
            0 -1 17 -1.7805094830691814e-03</internalNodes>
          <leafValues>
            4.3974938988685608e-01 -1.4419727027416229e-01</leafValues></_>
        <_>
          <internalNodes>
            0 -1 87 1.6842035984154791e-04</internalNodes>
          <leafValues>
            8.7424822151660919e-02 -6.7441147565841675e-01</leafValues></_>
        <_>
          <internalNodes>
            0 -1 93 -2.5444274069741368e-04</internalNodes>
          <leafValues>
            3.0421334505081177e-01 -2.1733663976192474e-01</leafValues></_></weakClassifiers></_>
    <!-- stage 10 -->
    <_>
      <maxWeakCount>27</maxWeakCount>
      <stageThreshold>-1.3634986877441406e+00</stageThreshold>
      <weakClassifiers>
        <_>
          <internalNodes>
            0 -1 170 3.3266784157603979e-04</internalNodes>
          <leafValues>
            -4.4654855132102966e-01 1.3603322207927704e-01</leafValues></_>
        <_>
          <internalNodes>
            0 -1 211 -8.0387108027935028e-03</internalNodes>
          <leafValues>
            3.7625873088836670e-01 -1.7698572576045990e-01</leafValues></_>
        <_>
          <internalNodes>
            0 -1 57 -2.3869149386882782e-02</internalNodes>
          <leafValues>
            6.9725972414016724e-01 -9.0764954686164856e-02</leafValues></_>
        <_>
          <internalNodes>
            0 -1 2 5.5872299708425999e-03</internalNodes>
          <leafValues>
            -2.0360811054706573e-01 2.9291698336601257e-01</leafValues></_>
        <_>
          <internalNodes>
            0 -1 117 1.6867445083335042e-04</internalNodes>
          <leafValues>
            1.2062684446573257e-01 -4.8261544108390808e-01</leafValues></_>
        <_>
          <internalNodes>
            0 -1 116 -5.9269696066621691e-05</internalNodes>
          <leafValues>
            -3.9520367980003357e-01 1.8507753312587738e-01</leafValues></_>
        <_>
          <internalNodes>
            0 -1 124 -2.3725948994979262e-04</internalNodes>
          <leafValues>
            2.4613966047763824e-01 -2.7038645744323730e-01</leafValues></_>
        <_>
          <internalNodes>
            0 -1 109 -3.2249959185719490e-03</internalNodes>
          <leafValues>
            2.1058844029903412e-01 -4.3291658163070679e-01</leafValues></_>
        <_>
          <internalNodes>
            0 -1 49 -1.2143009807914495e-03</internalNodes>
          <leafValues>
            3.3936536312103271e-01 -2.1296794712543488e-01</leafValues></_>
        <_>
          <internalNodes>
            0 -1 52 -5.9023771435022354e-02</internalNodes>
          <leafValues>
            3.6160334944725037e-01 -2.0620201528072357e-01</leafValues></_>
        <_>
          <internalNodes>
            0 -1 172 3.2608906622044742e-04</internalNodes>
          <leafValues>
            1.4362531900405884e-01 -4.9768888950347900e-01</leafValues></_>
        <_>
          <internalNodes>
            0 -1 59 4.3536527082324028e-03</internalNodes>
          <leafValues>
            -1.5417805314064026e-01 4.1951388120651245e-01</leafValues></_>
        <_>
          <internalNodes>
            0 -1 180 1.0778303112601861e-04</internalNodes>
          <leafValues>
            1.1092863976955414e-01 -5.9910345077514648e-01</leafValues></_>
        <_>
          <internalNodes>
            0 -1 26 -3.7996564060449600e-04</internalNodes>
          <leafValues>
            2.4396842718124390e-01 -2.1433120965957642e-01</leafValues></_>
        <_>
          <internalNodes>
            0 -1 139 1.4611383085139096e-04</internalNodes>
          <leafValues>
            -2.6178520917892456e-01 2.3935046792030334e-01</leafValues></_>
        <_>
          <internalNodes>
            0 -1 20 -1.4377783983945847e-02</internalNodes>
          <leafValues>
            -3.6204400658607483e-01 1.5144495666027069e-01</leafValues></_>
        <_>
          <internalNodes>
            0 -1 101 2.2846471983939409e-04</internalNodes>
          <leafValues>
            7.0199906826019287e-02 -6.8418562412261963e-01</leafValues></_>
        <_>
          <internalNodes>
            0 -1 46 -4.2040250264108181e-04</internalNodes>
          <leafValues>
            2.7991572022438049e-01 -1.8952380120754242e-01</leafValues></_>
        <_>
          <internalNodes>
            0 -1 15 4.3813280761241913e-02</internalNodes>
          <leafValues>
            -1.8964028358459473e-01 2.8203278779983521e-01</leafValues></_>
        <_>
          <internalNodes>
            0 -1 82 -8.7565416470170021e-03</internalNodes>
          <leafValues>
            2.8440508246421814e-01 -1.8623517453670502e-01</leafValues></_>
        <_>
          <internalNodes>
            0 -1 196 8.9443684555590153e-04</internalNodes>
          <leafValues>
            -1.5849912166595459e-01 4.6783512830734253e-01</leafValues></_>
        <_>
          <internalNodes>
            0 -1 144 -2.9209000058472157e-04</internalNodes>
          <leafValues>
            -9.0043616294860840e-01 7.0733197033405304e-02</leafValues></_>
        <_>
          <internalNodes>
            0 -1 47 3.6840103566646576e-02</internalNodes>
          <leafValues>
            -1.1630078405141830e-01 5.0941431522369385e-01</leafValues></_>
        <_>
          <internalNodes>
            0 -1 206 1.3071473222225904e-03</internalNodes>
          <leafValues>
            -1.3768865168094635e-01 4.0028232336044312e-01</leafValues></_>
        <_>
          <internalNodes>
            0 -1 208 -9.3625596491619945e-04</internalNodes>
          <leafValues>
            3.9649525284767151e-01 -1.2843720614910126e-01</leafValues></_>
        <_>
          <internalNodes>
            0 -1 119 -2.2963613271713257e-02</internalNodes>
          <leafValues>
            6.3102585077285767e-01 -8.2517929375171661e-02</leafValues></_>
        <_>
          <internalNodes>
            0 -1 22 -1.2236887961626053e-01</internalNodes>
          <leafValues>
            -8.4891837835311890e-01 6.6342003643512726e-02</leafValues></_></weakClassifiers></_>
    <!-- stage 11 -->
    <_>
      <maxWeakCount>25</maxWeakCount>
      <stageThreshold>-1.2529165744781494e+00</stageThreshold>
      <weakClassifiers>
        <_>
          <internalNodes>
            0 -1 88 -3.7418614374473691e-04</internalNodes>
          <leafValues>
            9.8337292671203613e-02 -4.5460420846939087e-01</leafValues></_>
        <_>
          <internalNodes>
            0 -1 92 -1.7332911957055330e-03</internalNodes>
          <leafValues>
            -8.5089892148971558e-01 5.7618435472249985e-02</leafValues></_>
        <_>
          <internalNodes>
            0 -1 146 1.5481610898859799e-04</internalNodes>
          <leafValues>
            -1.4570137858390808e-01 3.8178643584251404e-01</leafValues></_>
        <_>
          <internalNodes>
            0 -1 95 -1.2355861254036427e-03</internalNodes>
          <leafValues>
            3.0235204100608826e-01 -2.4119415879249573e-01</leafValues></_>
        <_>
          <internalNodes>
            0 -1 91 1.0091789590660483e-04</internalNodes>
          <leafValues>
            8.9550614356994629e-02 -6.2355667352676392e-01</leafValues></_>
        <_>
          <internalNodes>
            0 -1 13 7.9797171056270599e-03</internalNodes>
          <leafValues>
            -1.5928883850574493e-01 3.2831224799156189e-01</leafValues></_>
        <_>
          <internalNodes>
            0 -1 14 -7.8556878725066781e-04</internalNodes>
          <leafValues>
            4.0043276548385620e-01 -1.6535820066928864e-01</leafValues></_>
        <_>
          <internalNodes>
            0 -1 126 -2.3659085854887962e-03</internalNodes>
          <leafValues>
            -4.6134388446807861e-01 1.1397907882928848e-01</leafValues></_>
        <_>
          <internalNodes>
            0 -1 127 -3.0936798430047929e-04</internalNodes>
          <leafValues>
            3.2818010449409485e-01 -2.1549540758132935e-01</leafValues></_>
        <_>
          <internalNodes>
            0 -1 154 1.0951641947031021e-02</internalNodes>
          <leafValues>
            -1.7578147351741791e-01 3.3722043037414551e-01</leafValues></_>
        <_>
          <internalNodes>
            0 -1 186 1.0448086541146040e-03</internalNodes>
          <leafValues>
            -1.4413012564182281e-01 3.9992341399192810e-01</leafValues></_>
        <_>
          <internalNodes>
            0 -1 195 2.9446542612276971e-05</internalNodes>
          <leafValues>
            1.5355251729488373e-01 -4.2877614498138428e-01</leafValues></_>
        <_>
          <internalNodes>
            0 -1 212 5.1603447645902634e-03</internalNodes>
          <leafValues>
            -1.8509224057197571e-01 2.9798430204391479e-01</leafValues></_>
        <_>
          <internalNodes>
            0 -1 189 -1.4348453260026872e-04</internalNodes>
          <leafValues>
            -6.0903966426849365e-01 1.0455875843763351e-01</leafValues></_>
        <_>
          <internalNodes>
            0 -1 187 2.5591664016246796e-03</internalNodes>
          <leafValues>
            -1.5976364910602570e-01 3.3427754044532776e-01</leafValues></_>
        <_>
          <internalNodes>
            0 -1 102 2.0186848996672779e-04</internalNodes>
          <leafValues>
            9.4837307929992676e-02 -5.0911480188369751e-01</leafValues></_>
        <_>
          <internalNodes>
            0 -1 42 6.4152434468269348e-02</internalNodes>
          <leafValues>
            -9.1924190521240234e-02 5.9518682956695557e-01</leafValues></_>
        <_>
          <internalNodes>
            0 -1 114 -6.0831796872662380e-05</internalNodes>
          <leafValues>
            -4.3927296996116638e-01 1.2850914895534515e-01</leafValues></_>
        <_>
          <internalNodes>
            0 -1 114 1.4668813673779368e-04</internalNodes>
          <leafValues>
            7.4496887624263763e-02 -6.4059841632843018e-01</leafValues></_>
        <_>
          <internalNodes>
            0 -1 201 -1.2238188355695456e-04</internalNodes>
          <leafValues>
            1.4009213447570801e-01 -3.8583937287330627e-01</leafValues></_>
        <_>
          <internalNodes>
            0 -1 183 -2.0709216187242419e-04</internalNodes>
          <leafValues>
            2.9880648851394653e-01 -2.3523275554180145e-01</leafValues></_>
        <_>
          <internalNodes>
            0 -1 40 -3.1239134841598570e-04</internalNodes>
          <leafValues>
            2.8294163942337036e-01 -2.2427144646644592e-01</leafValues></_>
        <_>
          <internalNodes>
            0 -1 79 1.8124972120858729e-04</internalNodes>
          <leafValues>
            9.4156518578529358e-02 -5.8335798978805542e-01</leafValues></_>
        <_>
          <internalNodes>
            0 -1 159 3.8574640639126301e-03</internalNodes>
          <leafValues>
            -2.1742498874664307e-01 2.5483587384223938e-01</leafValues></_>
        <_>
          <internalNodes>
            0 -1 165 -9.5237046480178833e-05</internalNodes>
          <leafValues>
            2.1356639266014099e-01 -2.5206020474433899e-01</leafValues></_></weakClassifiers></_>
    <!-- stage 12 -->
    <_>
      <maxWeakCount>24</maxWeakCount>
      <stageThreshold>-1.1890743970870972e+00</stageThreshold>
      <weakClassifiers>
        <_>
          <internalNodes>
            0 -1 100 -2.6216678088530898e-04</internalNodes>
          <leafValues>
            8.3560399711132050e-02 -4.6164110302925110e-01</leafValues></_>
        <_>
          <internalNodes>
            0 -1 110 -1.6514661256223917e-03</internalNodes>
          <leafValues>
            1.8786925077438354e-01 -3.4765422344207764e-01</leafValues></_>
        <_>
          <internalNodes>
            0 -1 35 8.3394319517537951e-05</internalNodes>
          <leafValues>
            1.5055628120899200e-01 -3.8304299116134644e-01</leafValues></_>
        <_>
          <internalNodes>
            0 -1 205 1.7707669176161289e-03</internalNodes>
          <leafValues>
            -6.6214017570018768e-02 6.4837229251861572e-01</leafValues></_>
        <_>
          <internalNodes>
            0 -1 68 -3.3937203697860241e-03</internalNodes>
          <leafValues>
            3.6965164542198181e-01 -1.4106141030788422e-01</leafValues></_>
        <_>
          <internalNodes>
            0 -1 182 -8.6513391579501331e-05</internalNodes>
          <leafValues>
            2.5998723506927490e-01 -2.1790763735771179e-01</leafValues></_>
        <_>
          <internalNodes>
            0 -1 168 -2.5962148793041706e-03</internalNodes>
          <leafValues>
            -7.3979502916336060e-01 1.2385769933462143e-01</leafValues></_>
        <_>
          <internalNodes>
            0 -1 69 4.4569913297891617e-03</internalNodes>
          <leafValues>
            -1.4674128592014313e-01 4.2050403356552124e-01</leafValues></_>
        <_>
          <internalNodes>
            0 -1 41 -1.4090263284742832e-03</internalNodes>
          <leafValues>
            3.4559926390647888e-01 -1.3269746303558350e-01</leafValues></_>
        <_>
          <internalNodes>
            0 -1 64 2.6166113093495369e-03</internalNodes>
          <leafValues>
            1.2433387339115143e-01 -4.9290451407432556e-01</leafValues></_>
        <_>
          <internalNodes>
            0 -1 34 -4.9765324220061302e-03</internalNodes>
          <leafValues>
            2.6803278923034668e-01 -2.0607084035873413e-01</leafValues></_>
        <_>
          <internalNodes>
            0 -1 113 -6.4725382253527641e-04</internalNodes>
          <leafValues>
            3.2830572128295898e-01 -2.1574871242046356e-01</leafValues></_>
        <_>
          <internalNodes>
            0 -1 184 -5.4325279779732227e-04</internalNodes>
          <leafValues>
            -8.7090903520584106e-01 7.6291903853416443e-02</leafValues></_>
        <_>
          <internalNodes>
            0 -1 194 7.7063394710421562e-03</internalNodes>
          <leafValues>
            -1.3948144018650055e-01 3.8347825407981873e-01</leafValues></_>
        <_>
          <internalNodes>
            0 -1 116 8.3657127106562257e-05</internalNodes>
          <leafValues>
            1.1384721845388412e-01 -4.2163580656051636e-01</leafValues></_>
        <_>
          <internalNodes>
            0 -1 29 3.4935034345835447e-03</internalNodes>
          <leafValues>
            -1.4792490005493164e-01 3.7900960445404053e-01</leafValues></_>
        <_>
          <internalNodes>
            0 -1 199 3.3175284042954445e-03</internalNodes>
          <leafValues>
            -1.0640031844377518e-01 4.6057233214378357e-01</leafValues></_>
        <_>
          <internalNodes>
            0 -1 188 -5.4343352094292641e-03</internalNodes>
          <leafValues>
            4.5826759934425354e-01 -1.2171618640422821e-01</leafValues></_>
        <_>
          <internalNodes>
            0 -1 169 1.2034414976369590e-04</internalNodes>
          <leafValues>
            1.0592111945152283e-01 -4.8046734929084778e-01</leafValues></_>
        <_>
          <internalNodes>
            0 -1 143 -2.9233959503471851e-04</internalNodes>
          <leafValues>
            2.3928983509540558e-01 -2.1268971264362335e-01</leafValues></_>
        <_>
          <internalNodes>
            0 -1 25 -1.2688533752225339e-04</internalNodes>
          <leafValues>
            2.6126617193222046e-01 -2.4454501271247864e-01</leafValues></_>
        <_>
          <internalNodes>
            0 -1 0 3.2268751412630081e-02</internalNodes>
          <leafValues>
            -1.4393542706966400e-01 3.3775916695594788e-01</leafValues></_>
        <_>
          <internalNodes>
            0 -1 107 2.2910321422386914e-04</internalNodes>
          <leafValues>
            7.1470588445663452e-02 -6.5364331007003784e-01</leafValues></_>
        <_>
          <internalNodes>
            0 -1 61 -1.1002742685377598e-03</internalNodes>
          <leafValues>
            1.9645263254642487e-01 -2.5178623199462891e-01</leafValues></_></weakClassifiers></_>
    <!-- stage 13 -->
    <_>
      <maxWeakCount>29</maxWeakCount>
      <stageThreshold>-1.2193648815155029e+00</stageThreshold>
      <weakClassifiers>
        <_>
          <internalNodes>
            0 -1 200 2.0190952345728874e-03</internalNodes>
          <leafValues>
            -3.3287420868873596e-01 2.9620853066444397e-01</leafValues></_>
        <_>
          <internalNodes>
            0 -1 32 1.2179892510175705e-02</internalNodes>
          <leafValues>
            -3.0137303471565247e-01 1.6389539837837219e-01</leafValues></_>
        <_>
          <internalNodes>
            0 -1 161 2.0064669661223888e-03</internalNodes>
          <leafValues>
            -2.1009752154350281e-01 3.0488505959510803e-01</leafValues></_>
        <_>
          <internalNodes>
            0 -1 130 -4.3788673356175423e-03</internalNodes>
          <leafValues>
            -8.9947044849395752e-01 5.8603208512067795e-02</leafValues></_>
        <_>
          <internalNodes>
            0 -1 103 -6.0575224779313430e-05</internalNodes>
          <leafValues>
            -4.8527660965919495e-01 7.6899856328964233e-02</leafValues></_>
        <_>
          <internalNodes>
            0 -1 129 -2.9791565611958504e-04</internalNodes>
          <leafValues>
            3.0157950520515442e-01 -1.8672546744346619e-01</leafValues></_>
        <_>
          <internalNodes>
            0 -1 192 -4.4338672887533903e-04</internalNodes>
          <leafValues>
            1.7512129247188568e-01 -3.5624659061431885e-01</leafValues></_>
        <_>
          <internalNodes>
            0 -1 11 -7.4979346245527267e-03</internalNodes>
          <leafValues>
            4.0073457360267639e-01 -1.1400172859430313e-01</leafValues></_>
        <_>
          <internalNodes>
            0 -1 153 -1.6632105689495802e-04</internalNodes>
          <leafValues>
            2.6548343896865845e-01 -1.8353916704654694e-01</leafValues></_>
        <_>
          <internalNodes>
            0 -1 65 1.2218527263030410e-04</internalNodes>
          <leafValues>
            1.5415345132350922e-01 -3.8409066200256348e-01</leafValues></_>
        <_>
          <internalNodes>
            0 -1 12 -1.3741622678935528e-03</internalNodes>
          <leafValues>
            2.7372351288795471e-01 -2.0562510192394257e-01</leafValues></_>
        <_>
          <internalNodes>
            0 -1 80 -6.3831204897724092e-05</internalNodes>
          <leafValues>
            -3.3067300915718079e-01 1.4187282323837280e-01</leafValues></_>
        <_>
          <internalNodes>
            0 -1 204 3.8834004953969270e-05</internalNodes>
          <leafValues>
            -2.2959306836128235e-01 1.9273154437541962e-01</leafValues></_>
        <_>
          <internalNodes>
            0 -1 38 -1.3261046842671931e-04</internalNodes>
          <leafValues>
            2.4005249142646790e-01 -1.9400219619274139e-01</leafValues></_>
        <_>
          <internalNodes>
            0 -1 19 -2.8433963656425476e-02</internalNodes>
          <leafValues>
            -8.6169207096099854e-01 5.7170100510120392e-02</leafValues></_>
        <_>
          <internalNodes>
            0 -1 202 5.8670435100793839e-04</internalNodes>
          <leafValues>
            -1.2721952795982361e-01 3.5596328973770142e-01</leafValues></_>
        <_>
          <internalNodes>
            0 -1 86 -1.3273033546283841e-03</internalNodes>
          <leafValues>
            -8.8143676519393921e-01 5.4245285689830780e-02</leafValues></_>
        <_>
          <internalNodes>
            0 -1 128 1.8919061403721571e-04</internalNodes>
          <leafValues>
            1.0512648522853851e-01 -4.0910178422927856e-01</leafValues></_>
        <_>
          <internalNodes>
            0 -1 10 -1.0886926203966141e-02</internalNodes>
          <leafValues>
            4.7946134209632874e-01 -1.0519833862781525e-01</leafValues></_>
        <_>
          <internalNodes>
            0 -1 27 1.3991959858685732e-03</internalNodes>
          <leafValues>
            -1.5573495626449585e-01 2.7810001373291016e-01</leafValues></_>
        <_>
          <internalNodes>
            0 -1 140 1.4414241013582796e-04</internalNodes>
          <leafValues>
            -1.6398778557777405e-01 3.4948104619979858e-01</leafValues></_>
        <_>
          <internalNodes>
            0 -1 105 7.8464439138770103e-04</internalNodes>
          <leafValues>
            4.4892340898513794e-02 -7.5576525926589966e-01</leafValues></_>
        <_>
          <internalNodes>
            0 -1 203 -7.5360783375799656e-04</internalNodes>
          <leafValues>
            4.7719728946685791e-01 -9.3603335320949554e-02</leafValues></_>
        <_>
          <internalNodes>
            0 -1 166 -2.6151468046009541e-04</internalNodes>
          <leafValues>
            2.2582842409610748e-01 -2.0459412038326263e-01</leafValues></_>
        <_>
          <internalNodes>
            0 -1 50 -3.4178717760369182e-04</internalNodes>
          <leafValues>
            2.5784242153167725e-01 -2.0239640772342682e-01</leafValues></_>
        <_>
          <internalNodes>
            0 -1 66 -4.2278319597244263e-02</internalNodes>
          <leafValues>
            2.7683547139167786e-01 -1.9994476437568665e-01</leafValues></_>
        <_>
          <internalNodes>
            0 -1 48 -2.5335624814033508e-02</internalNodes>
          <leafValues>
            4.7781914472579956e-01 -1.0482963174581528e-01</leafValues></_>
        <_>
          <internalNodes>
            0 -1 162 4.7722766175866127e-03</internalNodes>
          <leafValues>
            -1.4880058169364929e-01 2.9416781663894653e-01</leafValues></_>
        <_>
          <internalNodes>
            0 -1 163 -9.0503023238852620e-04</internalNodes>
          <leafValues>
            4.5222103595733643e-01 -1.2840028107166290e-01</leafValues></_></weakClassifiers></_></stages>
  <features>
    <_>
      <rects>
        <_>
          0 0 12 8 -1.</_>
        <_>
          0 0 6 4 2.</_>
        <_>
          6 4 6 4 2.</_></rects>
      <tilted>0</tilted></_>
    <_>
      <rects>
        <_>
          0 6 6 9 -1.</_>
        <_>
          3 6 3 9 2.</_></rects>
      <tilted>0</tilted></_>
    <_>
      <rects>
        <_>
          0 6 10 1 -1.</_>
        <_>
          5 6 5 1 2.</_></rects>
      <tilted>0</tilted></_>
    <_>
      <rects>
        <_>
          0 7 24 12 -1.</_>
        <_>
          8 7 8 12 3.</_></rects>
      <tilted>0</tilted></_>
    <_>
      <rects>
        <_>
          0 8 4 3 -1.</_>
        <_>
          2 8 2 3 2.</_></rects>
      <tilted>0</tilted></_>
    <_>
      <rects>
        <_>
          0 17 12 1 -1.</_>
        <_>
          6 17 6 1 2.</_></rects>
      <tilted>0</tilted></_>
    <_>
      <rects>
        <_>
          0 17 14 6 -1.</_>
        <_>
          0 17 7 3 2.</_>
        <_>
          7 20 7 3 2.</_></rects>
      <tilted>0</tilted></_>
    <_>
      <rects>
        <_>
          1 0 22 17 -1.</_>
        <_>
          12 0 11 17 2.</_></rects>
      <tilted>0</tilted></_>
    <_>
      <rects>
        <_>
          1 8 6 9 -1.</_>
        <_>
          4 8 3 9 2.</_></rects>
      <tilted>0</tilted></_>
    <_>
      <rects>
        <_>
          1 10 6 5 -1.</_>
        <_>
          3 10 2 5 3.</_></rects>
      <tilted>0</tilted></_>
    <_>
      <rects>
        <_>
          2 5 12 2 -1.</_>
        <_>
          2 5 6 1 2.</_>
        <_>
          8 6 6 1 2.</_></rects>
      <tilted>0</tilted></_>
    <_>
      <rects>
        <_>
          2 8 2 14 -1.</_>
        <_>
          2 8 1 7 2.</_>
        <_>
          3 15 1 7 2.</_></rects>
      <tilted>0</tilted></_>
    <_>
      <rects>
        <_>
          2 11 3 3 -1.</_>
        <_>
          3 11 1 3 3.</_></rects>
      <tilted>0</tilted></_>
    <_>
      <rects>
        <_>
          2 11 4 4 -1.</_>
        <_>
          4 11 2 4 2.</_></rects>
      <tilted>0</tilted></_>
    <_>
      <rects>
        <_>
          3 11 2 2 -1.</_>
        <_>
          4 11 1 2 2.</_></rects>
      <tilted>0</tilted></_>
    <_>
      <rects>
        <_>
          4 1 12 9 -1.</_>
        <_>
          4 4 12 3 3.</_></rects>
      <tilted>0</tilted></_>
    <_>
      <rects>
        <_>
          4 9 2 1 -1.</_>
        <_>
          5 9 1 1 2.</_></rects>
      <tilted>0</tilted></_>
    <_>
      <rects>
        <_>
          4 9 2 3 -1.</_>
        <_>
          5 9 1 3 2.</_></rects>
      <tilted>0</tilted></_>
    <_>
      <rects>
        <_>
          4 10 2 3 -1.</_>
        <_>
          5 10 1 3 2.</_></rects>
      <tilted>0</tilted></_>
    <_>
      <rects>
        <_>
          4 10 6 4 -1.</_>
        <_>
          7 10 3 4 2.</_></rects>
      <tilted>0</tilted></_>
    <_>
      <rects>
        <_>
          4 19 10 5 -1.</_>
        <_>
          9 19 5 5 2.</_></rects>
      <tilted>0</tilted></_>
    <_>
      <rects>
        <_>
          5 0 10 24 -1.</_>
        <_>
          5 8 10 8 3.</_></rects>
      <tilted>0</tilted></_>
    <_>
      <rects>
        <_>
          5 1 14 10 -1.</_>
        <_>
          12 1 7 10 2.</_></rects>
      <tilted>0</tilted></_>
    <_>
      <rects>
        <_>
          5 9 15 8 -1.</_>
        <_>
          10 9 5 8 3.</_></rects>
      <tilted>0</tilted></_>
    <_>
      <rects>
        <_>
          5 11 2 2 -1.</_>
        <_>
          6 11 1 2 2.</_></rects>
      <tilted>0</tilted></_>
    <_>
      <rects>
        <_>
          5 12 2 1 -1.</_>
        <_>
          6 12 1 1 2.</_></rects>
      <tilted>0</tilted></_>
    <_>
      <rects>
        <_>
          5 12 2 3 -1.</_>
        <_>
          6 12 1 3 2.</_></rects>
      <tilted>0</tilted></_>
    <_>
      <rects>
        <_>
          5 12 9 1 -1.</_>
        <_>
          8 12 3 1 3.</_></rects>
      <tilted>0</tilted></_>
    <_>
      <rects>
        <_>
          5 14 11 10 -1.</_>
        <_>
          5 19 11 5 2.</_></rects>
      <tilted>0</tilted></_>
    <_>
      <rects>
        <_>
          5 15 16 3 -1.</_>
        <_>
          5 16 16 1 3.</_></rects>
      <tilted>0</tilted></_>
    <_>
      <rects>
        <_>
          6 3 11 3 -1.</_>
        <_>
          6 4 11 1 3.</_></rects>
      <tilted>0</tilted></_>
    <_>
      <rects>
        <_>
          6 4 3 6 -1.</_>
        <_>
          6 6 3 2 3.</_></rects>
      <tilted>0</tilted></_>
    <_>
      <rects>
        <_>
          6 5 18 10 -1.</_>
        <_>
          12 5 6 10 3.</_></rects>
      <tilted>0</tilted></_>
    <_>
      <rects>
        <_>
          6 5 10 16 -1.</_>
        <_>
          6 13 10 8 2.</_></rects>
      <tilted>0</tilted></_>
    <_>
      <rects>
        <_>
          6 9 9 3 -1.</_>
        <_>
          9 9 3 3 3.</_></rects>
      <tilted>0</tilted></_>
    <_>
      <rects>
        <_>
          6 11 3 1 -1.</_>
        <_>
          7 11 1 1 3.</_></rects>
      <tilted>0</tilted></_>
    <_>
      <rects>
        <_>
          6 11 9 1 -1.</_>
        <_>
          9 11 3 1 3.</_></rects>
      <tilted>0</tilted></_>
    <_>
      <rects>
        <_>
          6 11 9 2 -1.</_>
        <_>
          9 11 3 2 3.</_></rects>
      <tilted>0</tilted></_>
    <_>
      <rects>
        <_>
          6 12 2 1 -1.</_>
        <_>
          7 12 1 1 2.</_></rects>
      <tilted>0</tilted></_>
    <_>
      <rects>
        <_>
          6 12 3 1 -1.</_>
        <_>
          7 12 1 1 3.</_></rects>
      <tilted>0</tilted></_>
    <_>
      <rects>
        <_>
          6 13 6 1 -1.</_>
        <_>
          8 13 2 1 3.</_></rects>
      <tilted>0</tilted></_>
    <_>
      <rects>
        <_>
          6 15 12 2 -1.</_>
        <_>
          6 15 6 1 2.</_>
        <_>
          12 16 6 1 2.</_></rects>
      <tilted>0</tilted></_>
    <_>
      <rects>
        <_>
          7 1 9 6 -1.</_>
        <_>
          7 3 9 2 3.</_></rects>
      <tilted>0</tilted></_>
    <_>
      <rects>
        <_>
          7 2 10 9 -1.</_>
        <_>
          7 5 10 3 3.</_></rects>
      <tilted>0</tilted></_>
    <_>
      <rects>
        <_>
          7 3 9 4 -1.</_>
        <_>
          7 5 9 2 2.</_></rects>
      <tilted>0</tilted></_>
    <_>
      <rects>
        <_>
          7 4 1 4 -1.</_>
        <_>
          7 6 1 2 2.</_></rects>
      <tilted>0</tilted></_>
    <_>
      <rects>
        <_>
          7 4 3 3 -1.</_>
        <_>
          7 5 3 1 3.</_></rects>
      <tilted>0</tilted></_>
    <_>
      <rects>
        <_>
          7 4 12 4 -1.</_>
        <_>
          7 6 12 2 2.</_></rects>
      <tilted>0</tilted></_>
    <_>
      <rects>
        <_>
          7 9 5 15 -1.</_>
        <_>
          7 14 5 5 3.</_></rects>
      <tilted>0</tilted></_>
    <_>
      <rects>
        <_>
          7 12 6 4 -1.</_>
        <_>
          9 12 2 4 3.</_></rects>
      <tilted>0</tilted></_>
    <_>
      <rects>
        <_>
          7 14 6 1 -1.</_>
        <_>
          9 14 2 1 3.</_></rects>
      <tilted>0</tilted></_>
    <_>
      <rects>
        <_>
          7 14 6 2 -1.</_>
        <_>
          9 14 2 2 3.</_></rects>
      <tilted>0</tilted></_>
    <_>
      <rects>
        <_>
          7 14 11 8 -1.</_>
        <_>
          7 18 11 4 2.</_></rects>
      <tilted>0</tilted></_>
    <_>
      <rects>
        <_>
          7 17 9 6 -1.</_>
        <_>
          7 20 9 3 2.</_></rects>
      <tilted>0</tilted></_>
    <_>
      <rects>
        <_>
          8 1 8 6 -1.</_>
        <_>
          8 3 8 2 3.</_></rects>
      <tilted>0</tilted></_>
    <_>
      <rects>
        <_>
          8 2 8 4 -1.</_>
        <_>
          8 4 8 2 2.</_></rects>
      <tilted>0</tilted></_>
    <_>
      <rects>
        <_>
          8 3 4 3 -1.</_>
        <_>
          8 4 4 1 3.</_></rects>
      <tilted>0</tilted></_>
    <_>
      <rects>
        <_>
          8 3 4 6 -1.</_>
        <_>
          8 5 4 2 3.</_></rects>
      <tilted>0</tilted></_>
    <_>
      <rects>
        <_>
          8 3 8 3 -1.</_>
        <_>
          8 4 8 1 3.</_></rects>
      <tilted>0</tilted></_>
    <_>
      <rects>
        <_>
          8 4 3 3 -1.</_>
        <_>
          8 5 3 1 3.</_></rects>
      <tilted>0</tilted></_>
    <_>
      <rects>
        <_>
          8 5 14 2 -1.</_>
        <_>
          8 5 7 1 2.</_>
        <_>
          15 6 7 1 2.</_></rects>
      <tilted>0</tilted></_>
    <_>
      <rects>
        <_>
          8 10 6 4 -1.</_>
        <_>
          10 10 2 4 3.</_></rects>
      <tilted>0</tilted></_>
    <_>
      <rects>
        <_>
          8 11 6 2 -1.</_>
        <_>
          10 11 2 2 3.</_></rects>
      <tilted>0</tilted></_>
    <_>
      <rects>
        <_>
          8 11 6 4 -1.</_>
        <_>
          10 11 2 4 3.</_></rects>
      <tilted>0</tilted></_>
    <_>
      <rects>
        <_>
          8 12 7 6 -1.</_>
        <_>
          8 15 7 3 2.</_></rects>
      <tilted>0</tilted></_>
    <_>
      <rects>
        <_>
          8 16 3 1 -1.</_>
        <_>
          9 16 1 1 3.</_></rects>
      <tilted>0</tilted></_>
    <_>
      <rects>
        <_>
          8 16 8 8 -1.</_>
        <_>
          8 20 8 4 2.</_></rects>
      <tilted>0</tilted></_>
    <_>
      <rects>
        <_>
          8 17 5 6 -1.</_>
        <_>
          8 19 5 2 3.</_></rects>
      <tilted>0</tilted></_>
    <_>
      <rects>
        <_>
          8 19 5 3 -1.</_>
        <_>
          8 20 5 1 3.</_></rects>
      <tilted>0</tilted></_>
    <_>
      <rects>
        <_>
          8 19 9 3 -1.</_>
        <_>
          8 20 9 1 3.</_></rects>
      <tilted>0</tilted></_>
    <_>
      <rects>
        <_>
          9 2 5 6 -1.</_>
        <_>
          9 4 5 2 3.</_></rects>
      <tilted>0</tilted></_>
    <_>
      <rects>
        <_>
          9 3 5 3 -1.</_>
        <_>
          9 4 5 1 3.</_></rects>
      <tilted>0</tilted></_>
    <_>
      <rects>
        <_>
          9 3 6 6 -1.</_>
        <_>
          9 6 6 3 2.</_></rects>
      <tilted>0</tilted></_>
    <_>
      <rects>
        <_>
          9 3 8 6 -1.</_>
        <_>
          9 6 8 3 2.</_></rects>
      <tilted>0</tilted></_>
    <_>
      <rects>
        <_>
          9 5 8 2 -1.</_>
        <_>
          9 5 4 1 2.</_>
        <_>
          13 6 4 1 2.</_></rects>
      <tilted>0</tilted></_>
    <_>
      <rects>
        <_>
          9 5 10 2 -1.</_>
        <_>
          9 5 5 1 2.</_>
        <_>
          14 6 5 1 2.</_></rects>
      <tilted>0</tilted></_>
    <_>
      <rects>
        <_>
          9 8 6 6 -1.</_>
        <_>
          9 10 6 2 3.</_></rects>
      <tilted>0</tilted></_>
    <_>
      <rects>
        <_>
          9 9 4 6 -1.</_>
        <_>
          9 11 4 2 3.</_></rects>
      <tilted>0</tilted></_>
    <_>
      <rects>
        <_>
          9 10 3 2 -1.</_>
        <_>
          9 11 3 1 2.</_></rects>
      <tilted>0</tilted></_>
    <_>
      <rects>
        <_>
          9 13 3 1 -1.</_>
        <_>
          10 13 1 1 3.</_></rects>
      <tilted>0</tilted></_>
    <_>
      <rects>
        <_>
          9 15 1 3 -1.</_>
        <_>
          9 16 1 1 3.</_></rects>
      <tilted>0</tilted></_>
    <_>
      <rects>
        <_>
          9 17 1 6 -1.</_>
        <_>
          9 20 1 3 2.</_></rects>
      <tilted>0</tilted></_>
    <_>
      <rects>
        <_>
          9 17 3 6 -1.</_>
        <_>
          9 20 3 3 2.</_></rects>
      <tilted>0</tilted></_>
    <_>
      <rects>
        <_>
          10 3 1 3 -1.</_>
        <_>
          10 4 1 1 3.</_></rects>
      <tilted>0</tilted></_>
    <_>
      <rects>
        <_>
          10 8 3 3 -1.</_>
        <_>
          10 9 3 1 3.</_></rects>
      <tilted>0</tilted></_>
    <_>
      <rects>
        <_>
          10 8 3 9 -1.</_>
        <_>
          10 11 3 3 3.</_></rects>
      <tilted>0</tilted></_>
    <_>
      <rects>
        <_>
          10 8 4 3 -1.</_>
        <_>
          10 9 4 1 3.</_></rects>
      <tilted>0</tilted></_>
    <_>
      <rects>
        <_>
          10 9 1 3 -1.</_>
        <_>
          10 10 1 1 3.</_></rects>
      <tilted>0</tilted></_>
    <_>
      <rects>
        <_>
          10 9 3 4 -1.</_>
        <_>
          11 9 1 4 3.</_></rects>
      <tilted>0</tilted></_>
    <_>
      <rects>
        <_>
          10 9 3 6 -1.</_>
        <_>
          11 9 1 6 3.</_></rects>
      <tilted>0</tilted></_>
    <_>
      <rects>
        <_>
          10 9 4 6 -1.</_>
        <_>
          12 9 2 6 2.</_></rects>
      <tilted>0</tilted></_>
    <_>
      <rects>
        <_>
          10 10 1 3 -1.</_>
        <_>
          10 11 1 1 3.</_></rects>
      <tilted>0</tilted></_>
    <_>
      <rects>
        <_>
          10 10 3 4 -1.</_>
        <_>
          11 10 1 4 3.</_></rects>
      <tilted>0</tilted></_>
    <_>
      <rects>
        <_>
          10 10 4 1 -1.</_>
        <_>
          12 10 2 1 2.</_></rects>
      <tilted>0</tilted></_>
    <_>
      <rects>
        <_>
          10 10 2 3 -1.</_>
        <_>
          10 11 2 1 3.</_></rects>
      <tilted>0</tilted></_>
    <_>
      <rects>
        <_>
          10 10 4 4 -1.</_>
        <_>
          12 10 2 4 2.</_></rects>
      <tilted>0</tilted></_>
    <_>
      <rects>
        <_>
          10 10 3 6 -1.</_>
        <_>
          10 12 3 2 3.</_></rects>
      <tilted>0</tilted></_>
    <_>
      <rects>
        <_>
          10 11 1 3 -1.</_>
        <_>
          10 12 1 1 3.</_></rects>
      <tilted>0</tilted></_>
    <_>
      <rects>
        <_>
          10 11 1 4 -1.</_>
        <_>
          10 13 1 2 2.</_></rects>
      <tilted>0</tilted></_>
    <_>
      <rects>
        <_>
          10 11 3 2 -1.</_>
        <_>
          11 11 1 2 3.</_></rects>
      <tilted>0</tilted></_>
    <_>
      <rects>
        <_>
          10 11 3 3 -1.</_>
        <_>
          11 11 1 3 3.</_></rects>
      <tilted>0</tilted></_>
    <_>
      <rects>
        <_>
          10 11 3 3 -1.</_>
        <_>
          10 12 3 1 3.</_></rects>
      <tilted>0</tilted></_>
    <_>
      <rects>
        <_>
          10 11 4 3 -1.</_>
        <_>
          10 12 4 1 3.</_></rects>
      <tilted>0</tilted></_>
    <_>
      <rects>
        <_>
          10 12 1 2 -1.</_>
        <_>
          10 13 1 1 2.</_></rects>
      <tilted>0</tilted></_>
    <_>
      <rects>
        <_>
          10 12 3 1 -1.</_>
        <_>
          11 12 1 1 3.</_></rects>
      <tilted>0</tilted></_>
    <_>
      <rects>
        <_>
          10 12 2 2 -1.</_>
        <_>
          11 12 1 2 2.</_></rects>
      <tilted>0</tilted></_>
    <_>
      <rects>
        <_>
          10 12 6 1 -1.</_>
        <_>
          13 12 3 1 2.</_></rects>
      <tilted>0</tilted></_>
    <_>
      <rects>
        <_>
          10 12 3 3 -1.</_>
        <_>
          10 13 3 1 3.</_></rects>
      <tilted>0</tilted></_>
    <_>
      <rects>
        <_>
          10 12 6 3 -1.</_>
        <_>
          13 12 3 3 2.</_></rects>
      <tilted>0</tilted></_>
    <_>
      <rects>
        <_>
          10 12 8 3 -1.</_>
        <_>
          14 12 4 3 2.</_></rects>
      <tilted>0</tilted></_>
    <_>
      <rects>
        <_>
          10 12 10 1 -1.</_>
        <_>
          15 12 5 1 2.</_></rects>
      <tilted>0</tilted></_>
    <_>
      <rects>
        <_>
          10 13 1 3 -1.</_>
        <_>
          10 14 1 1 3.</_></rects>
      <tilted>0</tilted></_>
    <_>
      <rects>
        <_>
          10 13 2 3 -1.</_>
        <_>
          10 14 2 1 3.</_></rects>
      <tilted>0</tilted></_>
    <_>
      <rects>
        <_>
          10 13 4 2 -1.</_>
        <_>
          12 13 2 2 2.</_></rects>
      <tilted>0</tilted></_>
    <_>
      <rects>
        <_>
          10 14 1 3 -1.</_>
        <_>
          10 15 1 1 3.</_></rects>
      <tilted>0</tilted></_>
    <_>
      <rects>
        <_>
          10 14 2 3 -1.</_>
        <_>
          10 15 2 1 3.</_></rects>
      <tilted>0</tilted></_>
    <_>
      <rects>
        <_>
          10 15 1 3 -1.</_>
        <_>
          10 16 1 1 3.</_></rects>
      <tilted>0</tilted></_>
    <_>
      <rects>
        <_>
          10 15 2 3 -1.</_>
        <_>
          10 16 2 1 3.</_></rects>
      <tilted>0</tilted></_>
    <_>
      <rects>
        <_>
          10 19 3 3 -1.</_>
        <_>
          10 20 3 1 3.</_></rects>
      <tilted>0</tilted></_>
    <_>
      <rects>
        <_>
          11 3 4 4 -1.</_>
        <_>
          11 5 4 2 2.</_></rects>
      <tilted>0</tilted></_>
    <_>
      <rects>
        <_>
          11 4 1 3 -1.</_>
        <_>
          11 5 1 1 3.</_></rects>
      <tilted>0</tilted></_>
    <_>
      <rects>
        <_>
          11 4 3 3 -1.</_>
        <_>
          11 5 3 1 3.</_></rects>
      <tilted>0</tilted></_>
    <_>
      <rects>
        <_>
          11 4 5 4 -1.</_>
        <_>
          11 6 5 2 2.</_></rects>
      <tilted>0</tilted></_>
    <_>
      <rects>
        <_>
          11 4 8 6 -1.</_>
        <_>
          11 6 8 2 3.</_></rects>
      <tilted>0</tilted></_>
    <_>
      <rects>
        <_>
          11 5 2 2 -1.</_>
        <_>
          11 6 2 1 2.</_></rects>
      <tilted>0</tilted></_>
    <_>
      <rects>
        <_>
          11 7 4 7 -1.</_>
        <_>
          13 7 2 7 2.</_></rects>
      <tilted>0</tilted></_>
    <_>
      <rects>
        <_>
          11 7 4 12 -1.</_>
        <_>
          11 11 4 4 3.</_></rects>
      <tilted>0</tilted></_>
    <_>
      <rects>
        <_>
          11 8 3 4 -1.</_>
        <_>
          12 8 1 4 3.</_></rects>
      <tilted>0</tilted></_>
    <_>
      <rects>
        <_>
          11 8 3 3 -1.</_>
        <_>
          11 9 3 1 3.</_></rects>
      <tilted>0</tilted></_>
    <_>
      <rects>
        <_>
          11 9 3 3 -1.</_>
        <_>
          12 9 1 3 3.</_></rects>
      <tilted>0</tilted></_>
    <_>
      <rects>
        <_>
          11 9 3 8 -1.</_>
        <_>
          12 9 1 8 3.</_></rects>
      <tilted>0</tilted></_>
    <_>
      <rects>
        <_>
          11 9 2 3 -1.</_>
        <_>
          11 10 2 1 3.</_></rects>
      <tilted>0</tilted></_>
    <_>
      <rects>
        <_>
          11 10 1 3 -1.</_>
        <_>
          11 11 1 1 3.</_></rects>
      <tilted>0</tilted></_>
    <_>
      <rects>
        <_>
          11 11 3 1 -1.</_>
        <_>
          12 11 1 1 3.</_></rects>
      <tilted>0</tilted></_>
    <_>
      <rects>
        <_>
          11 11 1 3 -1.</_>
        <_>
          11 12 1 1 3.</_></rects>
      <tilted>0</tilted></_>
    <_>
      <rects>
        <_>
          11 11 2 3 -1.</_>
        <_>
          12 11 1 3 2.</_></rects>
      <tilted>0</tilted></_>
    <_>
      <rects>
        <_>
          11 11 3 3 -1.</_>
        <_>
          12 11 1 3 3.</_></rects>
      <tilted>0</tilted></_>
    <_>
      <rects>
        <_>
          11 11 4 1 -1.</_>
        <_>
          13 11 2 1 2.</_></rects>
      <tilted>0</tilted></_>
    <_>
      <rects>
        <_>
          11 11 2 3 -1.</_>
        <_>
          11 12 2 1 3.</_></rects>
      <tilted>0</tilted></_>
    <_>
      <rects>
        <_>
          11 11 6 6 -1.</_>
        <_>
          11 11 3 3 2.</_>
        <_>
          14 14 3 3 2.</_></rects>
      <tilted>0</tilted></_>
    <_>
      <rects>
        <_>
          11 12 2 1 -1.</_>
        <_>
          12 12 1 1 2.</_></rects>
      <tilted>0</tilted></_>
    <_>
      <rects>
        <_>
          11 12 3 1 -1.</_>
        <_>
          12 12 1 1 3.</_></rects>
      <tilted>0</tilted></_>
    <_>
      <rects>
        <_>
          11 12 1 3 -1.</_>
        <_>
          11 13 1 1 3.</_></rects>
      <tilted>0</tilted></_>
    <_>
      <rects>
        <_>
          11 12 4 1 -1.</_>
        <_>
          13 12 2 1 2.</_></rects>
      <tilted>0</tilted></_>
    <_>
      <rects>
        <_>
          11 12 2 3 -1.</_>
        <_>
          11 13 2 1 3.</_></rects>
      <tilted>0</tilted></_>
    <_>
      <rects>
        <_>
          11 12 8 2 -1.</_>
        <_>
          15 12 4 2 2.</_></rects>
      <tilted>0</tilted></_>
    <_>
      <rects>
        <_>
          11 13 2 1 -1.</_>
        <_>
          12 13 1 1 2.</_></rects>
      <tilted>0</tilted></_>
    <_>
      <rects>
        <_>
          11 13 1 3 -1.</_>
        <_>
          11 14 1 1 3.</_></rects>
      <tilted>0</tilted></_>
    <_>
      <rects>
        <_>
          11 13 2 3 -1.</_>
        <_>
          11 14 2 1 3.</_></rects>
      <tilted>0</tilted></_>
    <_>
      <rects>
        <_>
          11 13 6 1 -1.</_>
        <_>
          14 13 3 1 2.</_></rects>
      <tilted>0</tilted></_>
    <_>
      <rects>
        <_>
          11 14 3 1 -1.</_>
        <_>
          12 14 1 1 3.</_></rects>
      <tilted>0</tilted></_>
    <_>
      <rects>
        <_>
          11 14 1 3 -1.</_>
        <_>
          11 15 1 1 3.</_></rects>
      <tilted>0</tilted></_>
    <_>
      <rects>
        <_>
          11 14 2 3 -1.</_>
        <_>
          11 15 2 1 3.</_></rects>
      <tilted>0</tilted></_>
    <_>
      <rects>
        <_>
          11 14 6 2 -1.</_>
        <_>
          13 14 2 2 3.</_></rects>
      <tilted>0</tilted></_>
    <_>
      <rects>
        <_>
          11 14 4 9 -1.</_>
        <_>
          11 17 4 3 3.</_></rects>
      <tilted>0</tilted></_>
    <_>
      <rects>
        <_>
          11 15 1 3 -1.</_>
        <_>
          11 16 1 1 3.</_></rects>
      <tilted>0</tilted></_>
    <_>
      <rects>
        <_>
          11 19 2 3 -1.</_>
        <_>
          11 20 2 1 3.</_></rects>
      <tilted>0</tilted></_>
    <_>
      <rects>
        <_>
          12 0 2 12 -1.</_>
        <_>
          12 4 2 4 3.</_></rects>
      <tilted>0</tilted></_>
    <_>
      <rects>
        <_>
          12 2 1 6 -1.</_>
        <_>
          12 4 1 2 3.</_></rects>
      <tilted>0</tilted></_>
    <_>
      <rects>
        <_>
          12 2 2 12 -1.</_>
        <_>
          12 6 2 4 3.</_></rects>
      <tilted>0</tilted></_>
    <_>
      <rects>
        <_>
          12 3 1 3 -1.</_>
        <_>
          12 4 1 1 3.</_></rects>
      <tilted>0</tilted></_>
    <_>
      <rects>
        <_>
          12 3 2 3 -1.</_>
        <_>
          12 4 2 1 3.</_></rects>
      <tilted>0</tilted></_>
    <_>
      <rects>
        <_>
          12 3 2 4 -1.</_>
        <_>
          12 5 2 2 2.</_></rects>
      <tilted>0</tilted></_>
    <_>
      <rects>
        <_>
          12 3 3 2 -1.</_>
        <_>
          12 4 3 1 2.</_></rects>
      <tilted>0</tilted></_>
    <_>
      <rects>
        <_>
          12 4 2 2 -1.</_>
        <_>
          12 5 2 1 2.</_></rects>
      <tilted>0</tilted></_>
    <_>
      <rects>
        <_>
          12 5 1 2 -1.</_>
        <_>
          12 6 1 1 2.</_></rects>
      <tilted>0</tilted></_>
    <_>
      <rects>
        <_>
          12 7 2 5 -1.</_>
        <_>
          13 7 1 5 2.</_></rects>
      <tilted>0</tilted></_>
    <_>
      <rects>
        <_>
          12 9 1 3 -1.</_>
        <_>
          12 10 1 1 3.</_></rects>
      <tilted>0</tilted></_>
    <_>
      <rects>
        <_>
          12 9 3 4 -1.</_>
        <_>
          13 9 1 4 3.</_></rects>
      <tilted>0</tilted></_>
    <_>
      <rects>
        <_>
          12 10 1 3 -1.</_>
        <_>
          12 11 1 1 3.</_></rects>
      <tilted>0</tilted></_>
    <_>
      <rects>
        <_>
          12 10 2 2 -1.</_>
        <_>
          13 10 1 2 2.</_></rects>
      <tilted>0</tilted></_>
    <_>
      <rects>
        <_>
          12 10 2 3 -1.</_>
        <_>
          12 11 2 1 3.</_></rects>
      <tilted>0</tilted></_>
    <_>
      <rects>
        <_>
          12 11 3 1 -1.</_>
        <_>
          13 11 1 1 3.</_></rects>
      <tilted>0</tilted></_>
    <_>
      <rects>
        <_>
          12 11 2 2 -1.</_>
        <_>
          13 11 1 2 2.</_></rects>
      <tilted>0</tilted></_>
    <_>
      <rects>
        <_>
          12 11 3 2 -1.</_>
        <_>
          13 11 1 2 3.</_></rects>
      <tilted>0</tilted></_>
    <_>
      <rects>
        <_>
          12 11 2 3 -1.</_>
        <_>
          13 11 1 3 2.</_></rects>
      <tilted>0</tilted></_>
    <_>
      <rects>
        <_>
          12 11 2 3 -1.</_>
        <_>
          12 12 2 1 3.</_></rects>
      <tilted>0</tilted></_>
    <_>
      <rects>
        <_>
          12 11 6 6 -1.</_>
        <_>
          15 11 3 6 2.</_></rects>
      <tilted>0</tilted></_>
    <_>
      <rects>
        <_>
          12 11 8 2 -1.</_>
        <_>
          16 11 4 2 2.</_></rects>
      <tilted>0</tilted></_>
    <_>
      <rects>
        <_>
          12 12 2 1 -1.</_>
        <_>
          13 12 1 1 2.</_></rects>
      <tilted>0</tilted></_>
    <_>
      <rects>
        <_>
          12 12 1 3 -1.</_>
        <_>
          12 13 1 1 3.</_></rects>
      <tilted>0</tilted></_>
    <_>
      <rects>
        <_>
          12 12 2 2 -1.</_>
        <_>
          13 12 1 2 2.</_></rects>
      <tilted>0</tilted></_>
    <_>
      <rects>
        <_>
          12 12 3 2 -1.</_>
        <_>
          13 12 1 2 3.</_></rects>
      <tilted>0</tilted></_>
    <_>
      <rects>
        <_>
          12 12 6 4 -1.</_>
        <_>
          14 12 2 4 3.</_></rects>
      <tilted>0</tilted></_>
    <_>
      <rects>
        <_>
          12 13 2 1 -1.</_>
        <_>
          13 13 1 1 2.</_></rects>
      <tilted>0</tilted></_>
    <_>
      <rects>
        <_>
          12 13 1 3 -1.</_>
        <_>
          12 14 1 1 3.</_></rects>
      <tilted>0</tilted></_>
    <_>
      <rects>
        <_>
          12 18 1 4 -1.</_>
        <_>
          12 20 1 2 2.</_></rects>
      <tilted>0</tilted></_>
    <_>
      <rects>
        <_>
          13 4 2 3 -1.</_>
        <_>
          13 5 2 1 3.</_></rects>
      <tilted>0</tilted></_>
    <_>
      <rects>
        <_>
          13 5 5 3 -1.</_>
        <_>
          13 6 5 1 3.</_></rects>
      <tilted>0</tilted></_>
    <_>
      <rects>
        <_>
          13 11 1 3 -1.</_>
        <_>
          13 12 1 1 3.</_></rects>
      <tilted>0</tilted></_>
    <_>
      <rects>
        <_>
          13 11 2 2 -1.</_>
        <_>
          14 11 1 2 2.</_></rects>
      <tilted>0</tilted></_>
    <_>
      <rects>
        <_>
          13 11 6 2 -1.</_>
        <_>
          16 11 3 2 2.</_></rects>
      <tilted>0</tilted></_>
    <_>
      <rects>
        <_>
          13 14 4 3 -1.</_>
        <_>
          15 14 2 3 2.</_></rects>
      <tilted>0</tilted></_>
    <_>
      <rects>
        <_>
          13 14 4 8 -1.</_>
        <_>
          13 18 4 4 2.</_></rects>
      <tilted>0</tilted></_>
    <_>
      <rects>
        <_>
          13 15 4 6 -1.</_>
        <_>
          13 17 4 2 3.</_></rects>
      <tilted>0</tilted></_>
    <_>
      <rects>
        <_>
          13 17 1 2 -1.</_>
        <_>
          13 18 1 1 2.</_></rects>
      <tilted>0</tilted></_>
    <_>
      <rects>
        <_>
          13 18 1 4 -1.</_>
        <_>
          13 20 1 2 2.</_></rects>
      <tilted>0</tilted></_>
    <_>
      <rects>
        <_>
          14 3 4 4 -1.</_>
        <_>
          14 5 4 2 2.</_></rects>
      <tilted>0</tilted></_>
    <_>
      <rects>
        <_>
          14 11 4 6 -1.</_>
        <_>
          16 11 2 6 2.</_></rects>
      <tilted>0</tilted></_>
    <_>
      <rects>
        <_>
          15 5 2 3 -1.</_>
        <_>
          15 6 2 1 3.</_></rects>
      <tilted>0</tilted></_>
    <_>
      <rects>
        <_>
          15 12 2 4 -1.</_>
        <_>
          15 12 1 2 2.</_>
        <_>
          16 14 1 2 2.</_></rects>
      <tilted>0</tilted></_>
    <_>
      <rects>
        <_>
          15 12 2 5 -1.</_>
        <_>
          16 12 1 5 2.</_></rects>
      <tilted>0</tilted></_>
    <_>
      <rects>
        <_>
          16 6 2 2 -1.</_>
        <_>
          16 6 1 1 2.</_>
        <_>
          17 7 1 1 2.</_></rects>
      <tilted>0</tilted></_>
    <_>
      <rects>
        <_>
          16 12 1 2 -1.</_>
        <_>
          16 13 1 1 2.</_></rects>
      <tilted>0</tilted></_>
    <_>
      <rects>
        <_>
          17 9 1 6 -1.</_>
        <_>
          17 12 1 3 2.</_></rects>
      <tilted>0</tilted></_>
    <_>
      <rects>
        <_>
          17 13 1 3 -1.</_>
        <_>
          17 14 1 1 3.</_></rects>
      <tilted>0</tilted></_>
    <_>
      <rects>
        <_>
          19 9 2 3 -1.</_>
        <_>
          20 9 1 3 2.</_></rects>
      <tilted>0</tilted></_>
    <_>
      <rects>
        <_>
          19 10 3 2 -1.</_>
        <_>
          20 10 1 2 3.</_></rects>
      <tilted>0</tilted></_>
    <_>
      <rects>
        <_>
          19 11 2 1 -1.</_>
        <_>
          20 11 1 1 2.</_></rects>
      <tilted>0</tilted></_>
    <_>
      <rects>
        <_>
          19 11 3 2 -1.</_>
        <_>
          20 11 1 2 3.</_></rects>
      <tilted>0</tilted></_>
    <_>
      <rects>
        <_>
          19 11 4 3 -1.</_>
        <_>
          21 11 2 3 2.</_></rects>
      <tilted>0</tilted></_>
    <_>
      <rects>
        <_>
          19 11 4 4 -1.</_>
        <_>
          21 11 2 4 2.</_></rects>
      <tilted>0</tilted></_>
    <_>
      <rects>
        <_>
          19 11 4 8 -1.</_>
        <_>
          19 11 2 4 2.</_>
        <_>
          21 15 2 4 2.</_></rects>
      <tilted>0</tilted></_></features></cascade>
</opencv_storage>
